image_id,source_image,baseline_detections,exploratory_detections,count_change,baseline_uncertain,exploratory_uncertain,exploratory_seconds,baseline_output,exploratory_output
001_Cars_driving_through_flood_water_on_the_B4380_near,Cars_driving_through_flood_water_on_the_B4380_near_Atcham_-_geograph.org.uk_-_7390621.jpg,0,1,1,0,0,0.836,annotated_images/001_Cars_driving_through_flood_water_on_the_B4380_near_annotated.jpg,exploratory_profile/001_Cars_driving_through_flood_water_on_the_B4380_near_annotated.jpg
002_Cars_in_flooded_Novodvorska__street_in_Tr_ebi_c__T,"Cars_in_flooded_Novodvorská_street_in_Třebíč,_Třebíč_District.jpg",1,2,1,1,0,0.24,annotated_images/002_Cars_in_flooded_Novodvorska__street_in_Tr_ebi_c__T_annotated.jpg,exploratory_profile/002_Cars_in_flooded_Novodvorska__street_in_Tr_ebi_c__T_annotated.jpg
003_FEMA_-_32048_-_Red_car_floating_in_flood_waters_in,FEMA_-_32048_-_Red_car_floating_in_flood_waters_in_Oklahoma.jpg,0,0,0,0,0,0.16,annotated_images/003_FEMA_-_32048_-_Red_car_floating_in_flood_waters_in_annotated.jpg,exploratory_profile/003_FEMA_-_32048_-_Red_car_floating_in_flood_waters_in_annotated.jpg
004_FEMA_-_32096_-_Cars_drives_though_flooded_street_i,FEMA_-_32096_-_Cars_drives_though_flooded_street_in_an_Oklahoma_neighborhood.jpg,2,5,3,0,0,0.281,annotated_images/004_FEMA_-_32096_-_Cars_drives_though_flooded_street_i_annotated.jpg,exploratory_profile/004_FEMA_-_32096_-_Cars_drives_though_flooded_street_i_annotated.jpg
005_Flooded_street_and_vehicles,Flooded_street_and_vehicles.jpg,4,7,3,0,0,0.553,annotated_images/005_Flooded_street_and_vehicles_annotated.jpg,exploratory_profile/005_Flooded_street_and_vehicles_annotated.jpg
006_Flooded_street_near_13th_Ave_and_J_Street_Cedar_Ra,Flooded_street_near_13th_Ave_and_J_Street_Cedar_Rapids_Iowa.jpg,2,1,-1,0,0,0.127,annotated_images/006_Flooded_street_near_13th_Ave_and_J_Street_Cedar_Ra_annotated.jpg,exploratory_profile/006_Flooded_street_near_13th_Ave_and_J_Street_Cedar_Ra_annotated.jpg
007_July_2023_flood_damage_in_West_Point,July_2023_flood_damage_in_West_Point.jpg,4,3,-1,1,1,0.114,annotated_images/007_July_2023_flood_damage_in_West_Point_annotated.jpg,exploratory_profile/007_July_2023_flood_damage_in_West_Point_annotated.jpg
008_Sunken_cars_on_flooded_street_in_Cedar_Rapids_Iowa,Sunken_cars_on_flooded_street_in_Cedar_Rapids_Iowa.jpg,0,2,2,0,0,0.122,annotated_images/008_Sunken_cars_on_flooded_street_in_Cedar_Rapids_Iowa_annotated.jpg,exploratory_profile/008_Sunken_cars_on_flooded_street_in_Cedar_Rapids_Iowa_annotated.jpg
009_Two_cars_stuck_on_the_flooded_Berry_Street,Two_cars_stuck_on_the_flooded_Berry_Street.jpg,5,6,1,0,1,0.143,annotated_images/009_Two_cars_stuck_on_the_flooded_Berry_Street_annotated.jpg,exploratory_profile/009_Two_cars_stuck_on_the_flooded_Berry_Street_annotated.jpg
010_UAE_Flood_-_16_April_2024,UAE_Flood_-_16_April_2024.jpg,6,13,7,1,1,0.218,annotated_images/010_UAE_Flood_-_16_April_2024_annotated.jpg,exploratory_profile/010_UAE_Flood_-_16_April_2024_annotated.jpg
