source_image,author,license,source_url,changes
Cars_driving_through_flood_water_on_the_B4380_near_Atcham_-_geograph.org.uk_-_7390621.jpg,TCExplorer,CC BY-SA 2.0,https://commons.wikimedia.org/wiki/File:Cars_driving_through_flood_water_on_the_B4380_near_Atcham_-_geograph.org.uk_-_7390621.jpg,Prediction boxes/text added to annotated copies; previews resized.
"Cars_in_flooded_Novodvorská_street_in_Třebíč,_Třebíč_District.jpg",Jiří Sedláček,CC BY-SA 4.0,https://commons.wikimedia.org/wiki/File:Cars_in_flooded_Novodvorsk%C3%A1_street_in_T%C5%99eb%C3%AD%C4%8D%2C_T%C5%99eb%C3%AD%C4%8D_District.JPG,Prediction boxes/text added to annotated copies; previews resized.
FEMA_-_32048_-_Red_car_floating_in_flood_waters_in_Oklahoma.jpg,Marvin Nauman/FEMA,Public domain in the US,https://commons.wikimedia.org/wiki/File:FEMA_-_32048_-_Red_car_floating_in_flood_waters_in_Oklahoma.jpg,Prediction boxes/text added to annotated copies; previews resized.
FEMA_-_32096_-_Cars_drives_though_flooded_street_in_an_Oklahoma_neighborhood.jpg,Marvin Nauman/FEMA,Public domain in the US,https://commons.wikimedia.org/wiki/File:FEMA_-_32096_-_Cars_drives_though_flooded_street_in_an_Oklahoma_neighborhood.jpg,Prediction boxes/text added to annotated copies; previews resized.
Flooded_street_and_vehicles.jpg,MarkBuckawicki,CC0,https://commons.wikimedia.org/wiki/File:Flooded_street_and_vehicles.JPG,Prediction boxes/text added to annotated copies; previews resized.
Flooded_street_near_13th_Ave_and_J_Street_Cedar_Rapids_Iowa.jpg,Don Becker/USGS,Public domain in the US,https://commons.wikimedia.org/wiki/File:Flooded_street_near_13th_Ave_and_J_Street_Cedar_Rapids_Iowa.jpg,Prediction boxes/text added to annotated copies; previews resized.
July_2023_flood_damage_in_West_Point.jpg,United States Military Academy,Public domain in the US,https://commons.wikimedia.org/wiki/File:July_2023_flood_damage_in_West_Point.jpg,Prediction boxes/text added to annotated copies; previews resized.
Sunken_cars_on_flooded_street_in_Cedar_Rapids_Iowa.jpg,Don Becker/USGS,Public domain in the US,https://commons.wikimedia.org/wiki/File:Sunken_cars_on_flooded_street_in_Cedar_Rapids_Iowa.jpg,Prediction boxes/text added to annotated copies; previews resized.
Two_cars_stuck_on_the_flooded_Berry_Street.jpg,Bidgee,CC BY-SA 2.5 Australia,https://commons.wikimedia.org/wiki/File:Two_cars_stuck_on_the_flooded_Berry_Street.jpg,Prediction boxes/text added to annotated copies; previews resized.
UAE_Flood_-_16_April_2024.jpg,CherryPie94,CC0,https://commons.wikimedia.org/wiki/File:UAE_Flood_-_16_April_2024.jpg,Prediction boxes/text added to annotated copies; previews resized.
